"Category","Dew Point Avg","Dew Point Max","Dew Point Min","Air Temp Avg","Air Temp Max","Air Temp Min"
"2025-01-01 23:59:59",-9.8,-7.99,-11.37,-0.04,6.81,-6.45
"2025-01-02 23:59:59",-7.69,-4.84,-9.23,4.71,14.04,-1.42
"2025-01-03 23:59:59",-5.93,-4.23,-9.29,9.02,14.49,2.43
"2025-01-04 23:59:59",-9.79,-7.22,-12,6.33,10.86,1.57
"2025-01-05 23:59:59",-8.64,-7.32,-9.48,2.57,8.39,-2.77
"2025-01-06 23:59:59",-6.44,-4.45,-9.09,2.51,8.86,-3.31
"2025-01-07 23:59:59",-4.33,-2.39,-8.09,0.56,1.73,-1.84
"2025-01-08 23:59:59",-10.3,-8.13,-12.53,-1.15,4.26,-4.53
"2025-01-09 23:59:59",-9.41,-6.63,-12.75,-0.57,3.04,-2.59
"2025-01-10 23:59:59",-10.87,-8.15,-16.71,-0.29,7.94,-4.9
"2025-01-11 23:59:59",-9.78,-3.39,-12.81,0.07,4.6,-4.29
"2025-01-12 23:59:59",-8.45,-5.21,-10.08,-1.79,2.23,-4.23
"2025-01-13 23:59:59",-9.92,-8.51,-11.73,-2.94,2.02,-7.04
"2025-01-14 23:59:59",-10.54,-9.34,-12.72,-1.63,4.13,-6.36
"2025-01-15 23:59:59",-9.78,-7.85,-12.53,-0.8,6.17,-7.07
"2025-01-16 23:59:59",-13.24,-9.71,-15.93,-0.24,11.16,-8.41
"2025-01-17 23:59:59",-14.51,-12.05,-16.08,-0.28,8.15,-6.28
"2025-01-18 23:59:59",-14.25,-8.03,-19.49,-1.83,1.87,-4.86
"2025-01-19 23:59:59",-19.35,-16.95,-20.86,-3.37,5.18,-12.13
"2025-01-20 23:59:59",-17.98,-11.87,-23.35,-5.25,-1.9,-8.39
"2025-01-21 23:59:59",-24.7,-23.09,-27.57,-4.42,4.55,-11.73
"2025-01-22 23:59:59",-21.03,-16.25,-25.21,0.28,7,-7.34
"2025-01-23 23:59:59",-18.44,-15.57,-20.86,-1.59,4.82,-6.18
"2025-01-24 23:59:59",-21.7,-19.42,-24.69,-0.45,9.13,-7.15
"2025-01-25 23:59:59",-19.94,-8.46,-24.42,1.03,6.93,-2.89
"2025-01-26 23:59:59",-8.3,-7.49,-9.44,-1.95,3.32,-5.02
"2025-01-27 23:59:59",-8.99,-6.86,-11.34,-2.14,2.13,-5.09
"2025-01-28 23:59:59",-10.22,-6.56,-12.77,-1.48,3.03,-4.66
"2025-01-29 23:59:59",-12.04,-10.1,-13.28,0.3,6.98,-5.61
"2025-01-30 23:59:59",-12.9,-10.2,-15.51,2.48,10.81,-4.17
"2025-02-01 23:59:59",-10.58,-4.55,-13.19,7.01,13.15,0.62
"2025-02-02 23:59:59",-0.54,2.61,-7.58,11.33,15.96,7.05
"2025-02-03 23:59:59",-1.09,0.86,-3.75,13.94,18.52,10.95
"2025-02-04 23:59:59",-1.91,0,-3.87,14.48,18.84,11.65
"2025-02-05 23:59:59",-0.51,1.57,-2.75,11.25,15.56,7.92
"2025-02-06 23:59:59",-1.46,1.6,-5.39,11.1,15.3,7.85
"2025-02-07 23:59:59",0.9,2.63,-1.61,10.63,14.54,7.52
"2025-02-08 23:59:59",-5.12,-1.75,-15.45,4.47,11.73,-0.09
"2025-02-09 23:59:59",-9.18,-6.55,-11.79,1.59,8.98,-4.41
"2025-02-10 23:59:59",-11.65,-8.93,-15.29,2.23,11.42,-4.66
"2025-02-11 23:59:59",-11.67,-7.41,-15.27,-0.86,6.84,-5.12
"2025-02-12 23:59:59",-15.32,-11.43,-20.45,-3.42,4.15,-8.66
"2025-02-13 23:59:59",-6.88,1.58,-20.22,-1.02,2.82,-8.07
"2025-02-14 23:59:59",1.48,3.19,-1.08,2.45,3.73,-0.47
"2025-02-15 23:59:59",-3.34,0.16,-7.76,3.26,8.94,-0.52
"2025-02-16 23:59:59",-3.73,-0.44,-6.56,3.36,12.18,-2.82
"2025-02-17 23:59:59",-2.16,-0.48,-3.64,5.64,11.87,0.08
"2025-02-18 23:59:59",-6.04,-0.69,-7.96,5.38,9.88,1.31
"2025-02-19 23:59:59",-6.67,-4.78,-9.07,3.99,11.03,-1.34
"2025-02-20 23:59:59",-4.48,-0.92,-7.76,5.23,9.42,0.52
"2025-02-21 23:59:59",-4.17,-3.53,-5.07,3.3,9.47,-0.32
"2025-02-22 23:59:59",-5.95,-3.51,-10.77,4.9,14.3,-2.28
"2025-02-23 23:59:59",-6.9,-4.36,-10.99,7.44,16.34,-2.18
"2025-02-24 23:59:59",-4,-1.95,-6.04,10.05,20.05,1.26
"2025-02-25 23:59:59",-7.03,0.23,-14.47,12.41,20.87,5.13
"2025-02-26 23:59:59",-9.19,-5.6,-12.65,6.24,12.37,1.15
"2025-02-27 23:59:59",-9.62,-8.13,-10.95,6.08,14.88,-2.47
"2025-03-01 23:59:59",-8.61,-7.06,-10.89,10.16,17.64,3.78
"2025-03-02 23:59:59",-7.78,-4.09,-14.96,7.51,15.72,1.05
"2025-03-03 23:59:59",-1.61,0.87,-4.29,1.19,2.89,-0.43
"2025-03-04 23:59:59",-1.29,1.39,-3.96,4.83,11.57,0.15
"2025-03-05 23:59:59",-1.55,3.15,-3.84,4.75,11.82,-1.18
"2025-03-06 23:59:59",-1.01,1.39,-4.47,1.44,3.1,0.07
"2025-03-07 23:59:59",-3.45,-1.28,-5.64,0.91,4.13,-3.79
"2025-03-08 23:59:59",-4.92,-3.35,-6.77,3.48,9.64,-0.97
"2025-03-09 23:59:59",-5.66,-2.39,-9.72,6.02,15.16,-3.29
"2025-03-10 23:59:59",-7.05,-4.08,-12.24,7.99,16.57,1.67
"2025-03-11 23:59:59",-5.73,0.1,-8.12,8.04,15.72,1.01
"2025-03-12 23:59:59",2.01,4.54,-0.16,6.46,9.04,3.57
"2025-03-13 23:59:59",1.17,4.4,-1.99,3.04,6.32,-0.76
"2025-03-14 23:59:59",-3.55,-0.59,-7.56,-0.65,3.43,-5.58
"2025-03-15 23:59:59",-3.75,-1.73,-7.16,2.61,8.85,-2
"2025-03-16 23:59:59",-2.24,-0.02,-3.99,5.91,12.66,-1.8
"2025-03-17 23:59:59",-2.32,0.88,-5.52,10.57,14.88,7.46
"2025-03-18 23:59:59",-2.69,1.67,-7.08,1.88,5.59,-1.16
"2025-03-19 23:59:59",-8.32,-4.88,-10.78,1.81,8.59,-3.41
"2025-03-20 23:59:59",-8.81,-5.72,-11.13,7.39,12.93,0.8
"2025-03-21 23:59:59",-5.21,-3.31,-6.46,7.31,15.82,-2
"2025-03-22 23:59:59",-2.73,-0.2,-4.92,9.47,16.87,1.58
"2025-03-23 23:59:59",-2.42,-1.2,-3.57,11.04,18.53,1.95
"2025-03-24 23:59:59",-1.91,-0.45,-3.19,13.15,22.31,4.5
"2025-03-25 23:59:59",-0.28,1.24,-2.33,14.81,24.52,6.56
"2025-03-26 23:59:59",-2.52,2.06,-7.54,15.09,25.72,5.04
"2025-03-27 23:59:59",-4.05,0.56,-6.93,15.71,23.67,6.94
"2025-03-28 23:59:59",-6.45,-3.67,-9.57,13.39,16.71,5.33
"2025-03-29 23:59:59",-3.11,0.06,-6.28,7.55,14.38,1.15
"2025-03-30 23:59:59",-4.56,-1.02,-8.69,9.4,16.45,0.73
"2025-04-01 23:59:59",-9.02,-1.76,-15.09,6.74,10.29,1.87
"2025-04-02 23:59:59",-5.17,-0.47,-9.39,2.24,7.96,-0.89
"2025-04-03 23:59:59",-1.65,1.07,-4.43,2.29,6.09,-0.48
"2025-04-04 23:59:59",-3.87,-1.75,-6.84,4.38,9.91,0.03
"2025-04-05 23:59:59",-5.4,-2.68,-9.13,6.29,12.62,1.34
"2025-04-06 23:59:59",-8.21,-6.44,-10.7,8.45,17.71,-0.99
"2025-04-07 23:59:59",-8.25,-4.76,-12.07,11.71,20.46,0.62
"2025-04-08 23:59:59",-5.31,-1.23,-8.76,13.81,22.62,5.18
"2025-04-09 23:59:59",-2.71,0.48,-4.23,15.29,25.54,4.12
"2025-04-10 23:59:59",-3.75,-0.28,-9.49,17.33,27.64,8.24
"2025-04-11 23:59:59",-4.95,0.17,-8.34,17.73,27.33,7.97
"2025-04-12 23:59:59",-7.04,-2.99,-11.3,17.99,23.98,10.32
"2025-04-13 23:59:59",-4.65,0.1,-11.71,14.48,21.82,8.79
"2025-04-14 23:59:59",-8.84,-6.89,-10.58,13.6,22.07,4.33
"2025-04-15 23:59:59",-4.31,-1.15,-8.29,16.4,24.02,6.99
"2025-04-16 23:59:59",-2.02,1.32,-8.87,15.76,23.11,7.46
"2025-04-17 23:59:59",-0.79,2.98,-5.92,10.47,15.8,3.06
"2025-04-18 23:59:59",-1.64,0.85,-4.79,2.1,5.07,-0.9
"2025-04-19 23:59:59",-5.91,-2.11,-11.17,5.56,12.82,-0.7
"2025-04-20 23:59:59",-6.96,-3.86,-10.06,9.75,19.37,0.17
"2025-04-21 23:59:59",-7.51,-3.09,-10.14,12.92,22.21,3.6
"2025-04-22 23:59:59",-5.92,-2.29,-8.19,14.4,23.54,4.5
"2025-04-23 23:59:59",-4.84,-0.3,-8.16,15.62,22.99,6.98
"2025-04-24 23:59:59",-3.56,-0.03,-6.85,15.68,22.72,7.92
"2025-04-25 23:59:59",-6.95,-1.18,-14.6,14.6,21.8,5.57
"2025-04-26 23:59:59",-8.23,-4.33,-14.29,14.29,20.69,7.45
"2025-04-27 23:59:59",-5.17,-1.25,-9.88,8.95,13.12,3.64
"2025-04-28 23:59:59",-2.55,3.55,-6.18,8.04,13.03,1.96
"2025-04-29 23:59:59",-2.44,0.34,-6.17,10.71,19.09,1.87
"2025-05-01 23:59:59",0.87,5.24,-4.49,14.2,21.21,8.28
"2025-05-02 23:59:59",-1.47,0.6,-3.33,15.41,24.85,5.68
"2025-05-03 23:59:59",0.08,7.9,-2.5,16.64,24.13,9
"2025-05-04 23:59:59",5.86,8.33,3.95,10.48,15.26,7.61
"2025-05-05 23:59:59",5.67,7.78,4.37,8.16,9.98,7.06
"2025-05-06 23:59:59",6.23,8.14,4.03,8.23,11.36,6.86
"2025-05-07 23:59:59",5.92,8.73,3.86,12.49,19.58,6.29
"2025-05-08 23:59:59",6.45,8.22,4.34,15.81,25.02,6.24
"2025-05-09 23:59:59",3.09,6.82,-0.96,19.05,28.13,9.06
"2025-05-10 23:59:59",1.21,4.9,-2.79,20.61,29.35,11.65
"2025-05-11 23:59:59",0.31,4.15,-2.85,21.93,29.18,13.04
"2025-05-12 23:59:59",-4.41,1.02,-9.08,22.22,27.2,18.79
"2025-05-13 23:59:59",-3.86,4.01,-8.6,14.35,17.95,6.06
"2025-05-14 23:59:59",0.51,4.34,-4.02,9.79,15.37,5
"2025-05-15 23:59:59",-3.15,0.96,-6.7,12.74,21.13,2.78
"2025-05-16 23:59:59",-4.33,-2.23,-5.79,15.05,23.12,5.4
"2025-05-17 23:59:59",-1.34,7.12,-4.39,15.79,21.09,8.38
"2025-05-18 23:59:59",5.32,7.3,1.98,9.66,15.07,6.58
"2025-05-19 23:59:59",-0.38,3.07,-2.76,11.56,17.37,4.2
"2025-05-20 23:59:59",-2.2,0.11,-5.43,15.52,24.66,3.82
"2025-05-21 23:59:59",-2.22,1.77,-5.27,18.48,28.3,8.18
"2025-05-22 23:59:59",-3.52,0.3,-8.3,21.49,29.82,10.46
"2025-05-23 23:59:59",-5.78,-3.67,-8.32,21.94,29.45,10.83
"2025-05-24 23:59:59",-4.8,1.23,-9.31,21.34,27.59,14.35
"2025-05-25 23:59:59",0.33,2.32,-4.18,17.44,24.32,10.46
"2025-05-26 23:59:59",-1,1.95,-3.64,19.7,28.85,8.36
"2025-05-27 23:59:59",-0.7,2.81,-3.52,20,28.11,10.69
"2025-05-28 23:59:59",-0.5,2.44,-7.55,21.38,31.22,10.65
"2025-05-29 23:59:59",-2.88,0.84,-7.95,22.45,31.85,10.55
"2025-05-30 23:59:59",0.71,3.17,-1.35,24.65,33.82,12.87
"2025-06-01 23:59:59",3.25,7.41,0.64,24.53,32.64,14.19
"2025-06-02 23:59:59",11.38,15.96,7.41,18.95,24.02,14.98
"2025-06-03 23:59:59",9.4,12.34,0.38,19.53,25.6,12.14
"2025-06-04 23:59:59",7.81,11.47,4.09,19.56,27.47,12.55
"2025-06-05 23:59:59",10.07,12.58,6.36,16.23,25.09,11.76
"2025-06-06 23:59:59",9.69,12.08,5.94,17.93,26.33,9.91
"2025-06-07 23:59:59",7.58,11.68,4.34,20.95,29.38,11.76
"2025-06-08 23:59:59",6.17,9.21,3.82,21.56,29.72,12.99
"2025-06-09 23:59:59",5.05,8.42,1.6,23.9,32.87,15.74
"2025-06-10 23:59:59",4.91,8.01,3.46,25.58,34.2,14.65
"2025-06-11 23:59:59",2.61,6.61,-1.75,26.18,34.17,16.34
"2025-06-12 23:59:59",-0.77,2.11,-4.06,25.3,33.14,14.92
"2025-06-13 23:59:59",-1.96,1.61,-5.52,24.56,32.68,12.86
"2025-06-14 23:59:59",-2.34,0.04,-5.26,24.95,34.1,13.56
"2025-06-15 23:59:59",-5.36,0.92,-10.22,25.23,34.95,14.81
"2025-06-16 23:59:59",-8.29,-4.16,-12.98,26.92,35.71,15.62
"2025-06-17 23:59:59",-5.01,-1.59,-11.47,25.87,32.68,14.4
"2025-06-18 23:59:59",-3.29,-0.99,-6.26,27.08,35.75,17.71
"2025-06-19 23:59:59",-5.16,-1.57,-7.93,27.38,36.09,15.98
"2025-06-20 23:59:59",-5.06,0.12,-8.37,26.69,33.06,17.64
"2025-06-21 23:59:59",-4.88,-1.21,-8.17,25.79,30.59,20.81
"2025-06-22 23:59:59",-3.9,0.1,-10.46,16.52,24.39,9.17
"2025-06-23 23:59:59",-3.83,-1.44,-5.89,20.23,29.04,11.71
"2025-06-24 23:59:59",-2.11,0.21,-5.86,20.93,29.03,10.37
"2025-06-25 23:59:59",-3.27,1.14,-6.95,22.07,30.3,13.06
"2025-06-26 23:59:59",-4.68,-1.17,-6.49,23.5,32.13,13.52
"2025-06-27 23:59:59",-4.2,-2.05,-6.46,23.37,31.88,13.17
"2025-06-28 23:59:59",-1.99,1.87,-4.6,24.28,32.97,14.21
"2025-06-29 23:59:59",-2.06,0.58,-4.03,25.32,34.29,14.6
"2025-07-01 23:59:59",3.11,13.19,-0.13,27.64,36.4,18.46
"2025-07-02 23:59:59",6.43,9.66,2.95,23.69,30.2,17.35
"2025-07-03 23:59:59",8.34,14.06,0.97,22.28,29.74,17.13
"2025-07-04 23:59:59",5.62,9.13,0.78,24.46,31.94,14.66
"2025-07-05 23:59:59",0.76,5.87,-5.01,24.98,32.83,15.43
"2025-07-06 23:59:59",-3.42,0.34,-9.23,25.05,34.36,12.93
"2025-07-07 23:59:59",-4.96,-1.06,-9.24,26.26,35.21,14.83
"2025-07-08 23:59:59",2.51,6.57,-2.65,27.35,36.13,17.17
"2025-07-09 23:59:59",4.31,6.92,1.53,28.71,37.67,19.37
"2025-07-10 23:59:59",-3.21,1.67,-6.93,27.88,36.21,19.62
"2025-07-11 23:59:59",-4.23,-0.33,-6.47,27.29,36.62,17.5
"2025-07-12 23:59:59",0.01,2.87,-5.98,29.27,37.07,19.37
"2025-07-13 23:59:59",0.95,3.48,-0.91,28.81,37.5,17.31
"2025-07-14 23:59:59",1.71,4.35,-0.43,29.17,38.21,18.88
"2025-07-15 23:59:59",5.11,7.59,2.48,29.23,36.37,20.99
"2025-07-16 23:59:59",7.79,9.84,5.12,28.11,33.85,19.7
"2025-07-17 23:59:59",10.64,16.28,7.26,22.9,32.25,16.83
"2025-07-18 23:59:59",11.36,12.9,9.6,22.86,31.41,14.24
"2025-07-19 23:59:59",9.39,14.72,5.66,23.02,32.95,13.97
"2025-07-20 23:59:59",4.51,8.44,1.81,25.44,33.82,14.86
"2025-07-21 23:59:59",5.03,14.73,-3.89,24.32,29.77,17.64
"2025-07-22 23:59:59",2.81,6.87,-1.77,23.64,30.79,14.13
"2025-07-23 23:59:59",0.18,4.89,-4.87,23.03,31.15,13.79
"2025-07-24 23:59:59",-6.16,-3.35,-9.31,22.88,30.93,13.71
"2025-07-25 23:59:59",-6.22,-3.08,-10.17,23.58,31.93,13.85
"2025-07-26 23:59:59",-5.02,-1.53,-8.05,23.57,32.02,13.43
"2025-07-27 23:59:59",-7.15,-4.78,-9.52,23.23,32.86,12.55
"2025-07-28 23:59:59",-4.01,-0.82,-7,25.26,35.28,14.33
"2025-07-29 23:59:59",-5,-1.63,-9.08,25.27,34.82,15.05
"2025-07-30 23:59:59",-5.39,-1.07,-8.91,25.58,34.16,14.88
"2025-08-01 23:59:59",1.51,6.83,-4.2,25.45,34.39,15.6
"2025-08-02 23:59:59",-3.11,2.22,-8.96,25.28,34.39,15.47
"2025-08-03 23:59:59",-6.87,-4.36,-8.55,25.41,34.81,14.34
"2025-08-04 23:59:59",-6.66,-3.81,-9.05,25.6,33.75,14.71
"2025-08-05 23:59:59",-4.22,0.49,-7.78,26.74,33.42,15.09
"2025-08-06 23:59:59",2.04,4.91,-1.67,28.67,35.82,17.76
"2025-08-07 23:59:59",-0.55,2.02,-2.68,28.69,36.61,17.46
"2025-08-08 23:59:59",-2.54,0.11,-5.78,27.45,35.98,17.68
"2025-08-09 23:59:59",-1.15,2.55,-5.51,27.47,35.94,15.67
"2025-08-10 23:59:59",-3.84,-2.26,-5.84,25.95,35,16.33
"2025-08-11 23:59:59",-2.36,0.61,-5.24,26.13,34.66,15.82
"2025-08-12 23:59:59",-1.29,0.52,-2.48,28.25,36.76,18.15
"2025-08-13 23:59:59",0.94,3.52,-1.99,28.31,37.19,17.72
"2025-08-14 23:59:59",4.73,8.01,1.68,28.01,35.23,21.94
"2025-08-15 23:59:59",6.04,8.47,3.28,24.5,32.17,17.28
"2025-08-16 23:59:59",6.52,10.56,2.79,23.98,31.1,17.86
"2025-08-17 23:59:59",2.01,6.03,-2.12,23.19,31.74,14.75
"2025-08-18 23:59:59",-1.73,1.52,-4.7,23.86,33.32,13.99
"2025-08-19 23:59:59",-1.77,0.83,-4.19,26.16,36.8,15.13
"2025-08-20 23:59:59",3.31,5.21,0.37,28.31,37.69,19.12
"2025-08-21 23:59:59",6.32,8.84,4.07,29.17,37.68,20.31
"2025-08-22 23:59:59",7.82,10.4,6.49,28.04,35.13,19.78
"2025-08-23 23:59:59",10.34,15.31,7.86,26.36,35.83,21.41
"2025-08-24 23:59:59",12.66,18.24,10.61,23.37,30.28,16.93
"2025-08-25 23:59:59",11.69,14.05,9.61,22.63,31.4,16
"2025-08-26 23:59:59",15.05,16.72,11.92,17.76,22.61,14.48
"2025-08-27 23:59:59",12.84,16.57,9.64,19.56,26.45,13.02
"2025-08-28 23:59:59",9.32,14.22,4.94,20.71,28.19,12.95
"2025-08-29 23:59:59",12.92,15.52,9.26,19.47,26.65,14.04
"2025-08-30 23:59:59",7.67,10.32,3.84,22.12,29.97,13.54
"2025-09-01 23:59:59",3.05,6.28,0.47,24.87,33.94,15.33
"2025-09-02 23:59:59",3.65,9.46,0.79,25.55,34.9,16.82
"2025-09-03 23:59:59",8.9,11.22,7.57,22.99,27.66,18.23
"2025-09-04 23:59:59",11.35,15.64,9.42,20.21,28.54,14.59
"2025-09-05 23:59:59",12.99,14.54,8.96,19.13,25.65,13.55
"2025-09-06 23:59:59",11.8,13.64,10.27,20.49,27.26,15.19
"2025-09-07 23:59:59",9.81,13.85,5.13,21.38,29.55,13.85
"2025-09-08 23:59:59",9.62,13.09,6.48,22.62,30.3,14.33
"2025-09-09 23:59:59",4.76,8.99,-0.6,24.2,30.22,15.97
"2025-09-10 23:59:59",2.06,6.39,-0.65,24.35,29.99,20.43
"2025-09-11 23:59:59",0.85,2.97,-2.85,21.49,27.96,13.92
"2025-09-12 23:59:59",-0.13,3.32,-2.39,18.49,26.38,9.52
"2025-09-13 23:59:59",-1,0.16,-2.08,18.5,26.95,9.33
"2025-09-14 23:59:59",-0.64,1.32,-2.98,19.65,28.31,10
"2025-09-15 23:59:59",-1.5,0.36,-4.68,20.52,29.64,11.43
"2025-09-16 23:59:59",-1.11,0.9,-3.42,20.28,30.12,11.3
"2025-09-17 23:59:59",-1.32,0.41,-4.67,21.76,29.76,12.06
"2025-09-18 23:59:59",0.53,9.48,-5.04,21.04,30.34,13.17
"2025-09-19 23:59:59",9.62,12.46,8.39,20.66,25.32,14.24
"2025-09-20 23:59:59",9.53,12.17,6.43,19.19,27,12.25
"2025-09-21 23:59:59",4.36,8.33,0.99,19.75,28.11,11.04
"2025-09-22 23:59:59",3.55,5.88,1.79,20.08,27.72,11.87
"2025-09-23 23:59:59",1.03,4.13,-2.12,19.06,25.44,13.77
"2025-09-24 23:59:59",0.37,2,-1.5,18.88,29.33,8.28
"2025-09-25 23:59:59",4.7,13.34,-0.32,18.31,29.48,11.17
"2025-09-26 23:59:59",9.65,12.34,5.54,14.9,24.16,11.07
"2025-09-27 23:59:59",9.41,15.73,7.39,15.92,24.07,10.75
"2025-09-28 23:59:59",10.36,15.9,8.23,15.48,22.34,10.45
"2025-09-29 23:59:59",8.9,10.63,7.82,16.61,23.77,8.83
"2025-10-01 23:59:59",3.66,7.78,0.87,17.12,25.35,8.72
"2025-10-02 23:59:59",2.83,4.62,1.05,19.02,27.49,9.17
"2025-10-03 23:59:59",4.19,7.3,-0.55,20.73,25.54,16.11
"2025-10-04 23:59:59",2.46,7.49,-1.5,12.46,17.92,6.21
"2025-10-05 23:59:59",1.81,3.88,-0.88,12.72,19.88,4.62
"2025-10-06 23:59:59",-0.55,0.84,-2.59,12.73,20.25,6.02
"2025-10-07 23:59:59",-1.13,1.15,-3.6,14.77,25.68,7.11
"2025-10-08 23:59:59",-3.47,-0.95,-5.09,16.46,27.12,4.87
"2025-10-09 23:59:59",6.25,14.42,-4.48,19.06,25.32,13.46
"2025-10-10 23:59:59",14.22,16.03,11.62,16.3,22.03,12.71
"2025-10-11 23:59:59",12.58,14.04,8.62,16.32,21.06,13.52
"2025-10-12 23:59:59",3.39,8.44,-3.51,11.23,19.32,6.19
"2025-10-13 23:59:59",6.86,11.13,3.31,13.15,18.29,7.26
"2025-10-14 23:59:59",4.54,8.54,0.42,13.53,17.85,9.2
"2025-10-15 23:59:59",4.72,8.55,0.15,7.24,10.82,1.73
"2025-10-16 23:59:59",1.25,2.68,-0.44,6.84,13.68,0.48
"2025-10-17 23:59:59",0.39,2.81,-1.24,8.7,15.92,2.22
"2025-10-18 23:59:59",1.83,4.98,-1.01,10.39,20.15,2.47
"2025-10-19 23:59:59",1.35,3.57,-1.09,13.43,22.47,5.45
"2025-10-20 23:59:59",0.58,3.87,-2.23,12.12,18.55,6.05
"2025-10-21 23:59:59",-0.73,2.57,-3.66,11.33,21.44,3.16
"2025-10-22 23:59:59",2.49,9.84,-2.2,12.41,21.21,4.68
"2025-10-23 23:59:59",5.26,7.19,2.86,12.07,16.16,8.79
"2025-10-24 23:59:59",1.17,3.12,-2.25,11.12,19.1,5.95
"2025-10-25 23:59:59",-0.31,1.39,-1.97,13.14,19.48,5.23
"2025-10-26 23:59:59",-0.26,1.08,-1.96,16.45,20.66,12.3
"2025-10-27 23:59:59",-1.36,2.62,-4.98,13.01,21.02,5.38
"2025-10-28 23:59:59",-6.38,-4.44,-8.33,8.54,15.86,3.43
"2025-10-29 23:59:59",-3.94,-0.78,-8.33,9.7,20.48,0.38
"2025-10-30 23:59:59",-3.2,-0.54,-6.16,11.89,20.31,6.29
"2025-11-01 23:59:59",-2.8,-0.09,-4.26,12.58,22.28,5.33
"2025-11-02 23:59:59",-2.85,-0.76,-4.79,13.02,22.91,5.47
"2025-11-03 23:59:59",-4.18,-1.59,-6.32,12.43,21.15,5.96
"2025-11-04 23:59:59",-2.9,-0.45,-4.07,12.3,20.89,6.68
"2025-11-05 23:59:59",-3.66,-1.98,-4.76,15.1,20.69,8.63
"2025-11-06 23:59:59",-2.6,0.76,-4.62,12.84,19.24,7.36
"2025-11-07 23:59:59",-1.57,0.19,-3.36,10.21,19.09,2.15
"2025-11-08 23:59:59",-0.65,1.21,-2.36,10.23,17.52,4.36
"2025-11-09 23:59:59",-1.7,-0.08,-2.94,9.79,16.71,4.04
"2025-11-10 23:59:59",-3.78,-0.81,-7,10.01,21.29,1.37
"2025-11-11 23:59:59",-3.88,0.01,-7.01,10.8,20.11,4.25
"2025-11-12 23:59:59",-1.9,1.32,-3.62,11.45,16.88,5.52
"2025-11-13 23:59:59",-1.52,0.66,-2.48,14.15,21.31,6.93
"2025-11-14 23:59:59",0.21,3.99,-2.87,13.83,17.23,9.72
"2025-11-15 23:59:59",3.65,8.41,-0.42,12.4,18.5,6.7
"2025-11-16 23:59:59",5.27,9.33,2.17,7.5,12.55,4.81
"2025-11-17 23:59:59",4.74,5.74,3.2,6.8,8.65,5.39
"2025-11-18 23:59:59",5.74,6.78,4.05,6.65,8.25,5.86
"2025-11-19 23:59:59",4.55,6.36,2.48,5.07,7.3,3.19
"2025-11-20 23:59:59",3.13,4.81,0.01,5.06,9.99,0.55
"2025-11-21 23:59:59",3.28,4.39,1.76,6.32,9.56,3.74
"2025-11-22 23:59:59",2.05,3.52,1.06,6.5,9.54,4.2
"2025-11-23 23:59:59",1.83,3.66,0.82,6.52,12.03,2.34
"2025-11-24 23:59:59",1.63,4.16,-1.24,4.35,12.18,-0.66
"2025-11-25 23:59:59",-0.59,2.05,-2.45,5.18,10.93,-0.58
"2025-11-26 23:59:59",-3.22,-1.33,-6.49,6.18,13.19,0.65
"2025-11-27 23:59:59",-1.36,2.42,-3.28,6.19,15.67,-0.73
"2025-11-28 23:59:59",-0.49,1.87,-4.37,6.5,13.54,1.63
"2025-11-29 23:59:59",-4.18,-2.46,-5.78,4.9,10.31,0.57
"2025-12-01 23:59:59",-6.31,-4.37,-7.37,0.46,5.48,-3.88
"2025-12-02 23:59:59",-6.54,-4.84,-9.27,0.66,5.69,-4.05
"2025-12-03 23:59:59",-3.92,-1.42,-8.91,0.88,3.03,-0.8
"2025-12-04 23:59:59",-6.92,-5.17,-8.42,0.06,6.18,-5.53
"2025-12-05 23:59:59",-5.66,-1.01,-8.41,1.93,12.25,-4.37
"2025-12-06 23:59:59",-2.13,2.03,-4.66,5.18,15.18,-1.04
"2025-12-07 23:59:59",-3.5,-2.24,-4.61,4.03,12.14,-1.84
"2025-12-08 23:59:59",-3.9,-1.85,-5.3,5.83,14.4,-1.1
"2025-12-09 23:59:59",-4.41,-1.33,-6.26,5.78,16.59,-1.74
"2025-12-10 23:59:59",-2.14,0.27,-4.42,9.95,17.93,2.99
"2025-12-11 23:59:59",-1.19,0.72,-2.8,10.26,19.18,1.58
"2025-12-12 23:59:59",-4.47,-2.49,-7.22,8.64,16.91,3.23
"2025-12-13 23:59:59",-6.8,-4.25,-9.58,8.01,15.54,1.25
"2025-12-14 23:59:59",-6.11,-1.48,-8.29,5.55,16.96,-1.49
"2025-12-15 23:59:59",-6.02,-4.76,-7.99,7.02,15.81,-0.4
"2025-12-16 23:59:59",-6.19,-2.62,-11.22,8.58,17.96,2.24
"2025-12-17 23:59:59",-4.44,-2.8,-5.57,7.33,15.77,1.75
"2025-12-18 23:59:59",-2.5,-0.98,-4.39,7.39,14.24,3.65
"2025-12-19 23:59:59",-3.54,-0.87,-6.09,9.52,14.89,3.89
"2025-12-20 23:59:59",-2.32,0.08,-4.38,6.82,12.32,2.57
"2025-12-21 23:59:59",0.41,1.93,-2.04,11.62,14.56,3.71
"2025-12-22 23:59:59",0.64,2.26,-0.49,12.76,17.41,8.19
"2025-12-23 23:59:59",-1.19,3.83,-3.64,12.71,15.86,9.23
"2025-12-24 23:59:59",7.3,9.19,3.55,9.73,10.69,8.45
"2025-12-25 23:59:59",4.88,9.35,1.8,9.57,11.86,8.2
"2025-12-26 23:59:59",3.44,5.45,0.91,8.35,10.89,5.06
"2025-12-27 23:59:59",1.77,3.46,-1.31,3.1,5.99,0.02
"2025-12-28 23:59:59",-5.18,-1.34,-9.19,-0.03,3.06,-2.24
"2025-12-29 23:59:59",-8.3,-6.21,-10.12,-0.94,3.53,-5.12
"2025-12-30 23:59:59",-5.95,-2.65,-8.9,0.94,6.97,-4.29
